[{
	"symbolicName": "ApplicationType",
	"initialValue": "Main Applicant",
	"choiceList": {
		"displayName": "Main Applicant",
		"choices": [{
			"displayName": "Main Applicant",
			"value": "Main Applicant"
		},
		{
			"displayName": "Co Applicant",
			"value": "Co Applicant"
		}
		]
	},
	"hasDependentProperties": true
}
{
	"symbolicName" : ""
}
,{
	"symbolicName": "ApplicantName",
	"dependentOn": "ApplicationType",
	"dependentValue": "Main Applicant",
	"choiceList": {
		"displayName": "Vara Prasad",
		"choices": [{
			"displayName": "Vara Prasad",
			"value": "Vara Prasad"
		},
		{
			"displayName": "Mahesh",
			"value": "Mahesh"
		}]
	}
},{
	"symbolicName": "ApplicantName",
	"dependentOn": "ApplicationType",
	"dependentValue": "Co Applicant",
	"choiceList": {
		"displayName": "Vara Prasad",
		"choices": [{
			"displayName": "Vara Prasad",
			"value": "Vara Prasad"
		},
		{
			"displayName": "Mahesh",
			"value": "Mahesh"
		}]
	}
}
]
